Donor,SMILES
D_0,FC(C=C1C(C2=C3SC=C2)=C4SC(C5=C(CC(CCCCCC)CCCC)C=C(C6=CC7=C(S6)C8=C(C=C(S8)C9=CC(CC(CCCCCC)CCCC)=C(S9)C)C%10=NSN=C7%10)S5)=CC4=C3C%11=CC(F)=C(S%11)CC(CCCC)CC)=C(S1)CC(CC)CCCC
D_1,O=C1C2=C(CC(CC)CCCC)SC(CC(CC)CCCC)=C2C(C3=C(C4=CC=C(C5=CC(C(C6=CC(F)=C(CC(CC)CCCC)S6)=C(SC=C7)C7=C8C9=CC(F)=C(CC(CC)CCCC)S9)=C8S5)S4)SC(C%10=CC=CS%10)=C31)=O
D_2,FC1=C(F)C=C(N=C(OCC(CCCCCC)CCCCCCCC)C=N2)C2=C1C3=CC=CS3
D_3,FC(C=C(C1=C2SC=CC2=C(C3=CC(F)=C(CC(CCCC)CC)S3)C4=C1C=C(C5=CC=C(C6=C(C(C(C7=C(CC(CCCC)CC)SC(CC(CC)CCCC)=C78)=O)=C(C9=CC=CC9)S6)C8=O)S5)S4)S%10)=C%10CC(CC)CCCC
D_4,CC(C(F)=C(C(C1=CC=C(S1)C)=C2N=C3[Mg])F)=C2N=C3OCC(CCCCCC)CCCCCCCC
D_5,CC1=CC(B(N2CC(CCCCCCCC)CCCCCC)C3=CC=CC=C3)=C(S1)C(C=C4N(B5C6=CC=CC=C6)CC(CCCCCC)CCCCCCCC)=C2C=C4C(S7)=C5C=C7C8=CC=C(C9=C%10C(C(C%11=C(SC(CC(CCCC)CC)C%11C%10=O)CC(CC)CCCC)=O)=C(S9)C%12=CC=C(C)S%12)S8
D_6,[F]C1=C(CC)SC(C2=C3C(C=C(C)C3)C(C4=CC([F])=C(S4)CC)=C5SC(C6=CC=C(S6)C7=C(C(C8=C(SC(CC)=C8C9=O)CC)=O)C9=C(C%10=CC=C(S%10)C)S7)=CC25)=C1
D_7,CC1=CC=C(S1)C2=C3C(C(N(C3=O)CCCCCCCC)=O)=C(C4=NN(N=C24)CCC(CC)CCCC)C5=CC=C(S5)C6=CC7=C(C8=C(C(C9=CC(F)=C(C(F)=C9)CC(CC)CCCC)=C7S6)C=C(C)S8)C%10=CC(F)=C(C(F)=C%10)CC(CC)CCCC
D_8,CC1=CC=C(S1)C2=C(C(C3=C(CC(CCCC)CC)CC(CC(CCCC)CC)=C3C4=O)=O)C4=C(C5=CC=C(S5)C6=CC7=C(C8=C(C(C9=CC(Cl)=C(S9)CC(CCCC)CC)=C7S6)C=C(C)S8)C%10=CC(Cl)=C(S%10)CC(CCCC)CC)S2
D_9,S=C(N(C/1=O)CCCC)SC1=C/C(S2)=CC=C2C(S3)=C(CCCCCC)C=C3C(S4)=C(CCCCCC)C=C4C5=CC(C(S5)=C(C6=C7SC(C8=CC(CCCCCC)=C(S8)C9=CC(CCCCCC)=C(C%10=CC=C(S%10)/C=C%11SC(N(CCCC)C\%11=O)=S)S9)=C6)C%12=CC=C(C=C%12)SCC(CCCC)CC)=C7C(C=C%13)=CC=C%13SCC(CCCC)CC
D_10,O=C(C1=C(SC(C2=CC=C(S2)C3=CC(C(C4=CC(F)=C(S4)SCCCCCCCC)=C5SC(C)=CC5=C6C7=CC(F)=C(S7)SCCCCCCCC)=C6S3)=C18)C9=CC=C(S9)C)C%10=C(SC(CCCCCCCC)=C%10C8=O)CCCCCCCC
D_11,CC(S1)=CC=C1C(C(C(C(C(S2)=CC=C2C3=CC4=C(C5=CC(Cl)=C(CC(CCCC)CC)S5)C6=C(C=C(C)S6)C(C7=CC(Cl)=C(CC(CC)CCCC)C7)=C4S3)=C8C9=O)=N%10)=NN%10CCC(CCCC)CC)=C8C(N9CCCCCCCC)=O
D_12,CC1=CC(C(C2=CC(F)=C(S2)CC(CC)CCCC)=C3SC(C4=CC=C(S4)C5=C(C(C6=C(SC(CC(CCCC)CC)=C6C7=O)CC(CC)CCCC)=O)C7=C(C8=CC=C(S8)C)S5)=CC3=C9C%10=CC(F)=C(S%10)CC(CCCC)CC)=C9S1
D_13,CC(SC1=C(C2=C3SC(C4=CC=C(C)S4)=C2)C5=CC(F)=C(S5)CC(CCCC)CC)=CC1=C3C6=CC(F)=C(S6)CC(CC)CCCC.CC(OCC)=O
D_14,[Cl]C1=C(CC)SC(C2=C3C(C=C(C)C3)C(C4=CC([Cl])=C(S4)CC)=C5SC(C6=CC=C(S6)C7=C(C(C8=C(SC(CC)=C8C9=O)CC)=O)C9=C(C%10=CC=C(S%10)C)S7)=CC25)=C1
D_15,FC(C(F)=C(C1=NC(C2=CC=C(C(OCCCCCCCC)=C2)OCCCCCCCC)=C(N=C31)C4=CC=C(C(OCCCCCCCC)=C4)OCCCCCCCC)C)=C3C(S5)=CC=C5C(C=C6)=CC=C6C7=CC=C(C)S7
D_16,CC(S1)=CC=C1C(C(C(C(C(S2)=CC=C2C3=CC4=C(C5=CC(F)=C(CC(CCCC)CC)S5)C6=C(C=C(C)S6)C(C7=CC(F)=C(CC(CC)CCCC)C7)=C4S3)=C8C9=O)=N%10)=NN%10CCC(CCCC)CC)=C8C(N9CCCCCCCC)=O
D_17,O=C(C1=C(CCC(CCCC)CC)SC(CCC(CC)CCCC)=C1C2=O)C(C2=C(C3)C(C4)=CC=C4C5=CC6=C(C(C7=CC=C(CCC(CCCC)CC)S7)=C8C=CSC8=C6C9=CC=C(CCC(CCCC)CC)S9)S5)=C3C%10=CC=CS%10
D_18,CC1=CC(C(C2=CC(Cl)=C(CC)S2)=C(C(C)=C3C4=CC(Cl)=C(S4)CC)SCC5=C(CCCCCC)C6=C(C=C(S6)C7=C(C(F)=C(C8=NN(N=C78)CC(CCCCCC)CCCCCCCC)C9=CC%10=C(S9)C(CCCCCC)=C(C)S%10)F)S5)=C3S1
D_19,FC1=C(C(OCC(CCCC)CC)=O)SC2=CSC(C3=CC4=C(C5=C(C(C6=CC=C(CC(CC)CCCC)S6)=C4S3)C=CS5)C7=CC=C(CC(CC)CCCC)S7)=C12
D_20,CC1=CC(F)=C(S1)C2=C(F)C=C(C3=C(CC(CCCCCCCC)CCCCCC)C=C(C4=CC(CC(CCCCCC)CCCCCCCC)=C(S4)C)S3)S2
D_21,CC(S1)=CC=C1C(C2=NN(CC(CCCCCCCC)CCCCCCCC)N=C32)=C(F)C(F)=C3C4=CC=C(S4)C5=CC(C(C6=CC(CCCCCCCC)=C(S6)Cl)=C7SC(C)=CC7=C8C9=CC(CCCCCCCC)=C(S9)Cl)=C8S5
D_22,O=C(C1=C(SC(CCCCCCCC)=C12)CCCCCCCC)C3=C(SC(C4=CC=C(C)S4)=C3C2=O)C(S5)=CC=C5C6=CC7C(C8=CC(F)=C(CCCCCCCC)C8)C9C(C=C(S9)C)C(C%10=CC(F)=C(S%10)CCCCCCCC)=C7S6
D_23,CC1=CC(C(S1)=C(C2=C3SC(C(S4)=CC=C4C5=C6C(C(C7=C(SC(CCCCCCCC)=C7C6=O)CCCCCCCC)=O)=C(S5)C8=CC=C(C)S8)=C2)C9=CC=C(S9)CC)=C3C%10=CC=C(S%10)CC
D_24,FC1=C(C(S2)=CC=C2C3=C(CCCCCCCCCCCCCCCC)C=C(C)S3)C4=NSN=C4C(C5=CC=C(S5)C6=C(CCCCCCCCCCCCCCCC)C=C(C7=C(C([H])=C(C8=C7C(N(C8=O)CCCCCCCCCCCCCCCC)=O)C)[H])S6)=C1F
D_25,CC1=CC(C(S1)=C(C2=C3SC(C4=CC=C(C(C5=NN(CC(CCCCCC)CCCC)N=C65)=CC(C7=NN(CC(CCCCCC)CCCC)N=C87)=C6C=C8C9=CC=C(C)S9)S4)=C2)C%10=CC([H])=C(SCC(CCCC)CCCCCC)S%10)=C3C%11=CC([H])=C(S%11)SCC(CCCCCC)CCCC
D_26,FC1=C(C2=CC=C(C3=CC4=C(C(C(C=C5F)=CC(F)=C5CC(CCCC)CC)=C6C=C(OC6=C4C(C=C7F)=CC(F)=C7CC(CC)CCCC)C)O3)S2)C8=NN(CC(CCCCCCCC)CCCCCC)N=C8C(C9=CC=C(C)S9)=C1F
D_27,[H]C(C=C1C(C2=C3SC(C4=C(F)C=C(C5=C(C(C6=C(SC(CCCCCCCC)=C6C7=O)CCCCCCCC)=O)C7=C(C8=CC(F)=CS8)S5)S4)=C2)=C9SC(C)=CC9=C3C%10=CC([H])=C(S%10)CCCCCCCC)=C(S1)CCCCCCCC
D_28,CC(S1)=CC=C1C2=C3C(C(C4=C(SC(CC(CC)CCCC)=C4C3=O)CC(CCCC)CC)=O)=C(S2)C(S5)=CC=C5C6=CC7=C(C8=CC(Cl)=C(CCCCCBr)C8)C9=C(C=C(S9)C)C(C%10=CC(Cl)=C(CCCCCBr)C%10)=C7S6
D_29,FC1=C(C2=CC=C(C3=CC4=C(C5=CC=C(CC(CCCC)CC)S5)C(SC(C)=C6)=C6C(C7=CC=C(CC(CCCC)CC)S7)=C4S3)S2)C8=NN(CC(CCCCCC)CCCCCCCC)N=C8C(C9=CC=C(C%10=CC(C(C%11=CC=C(CC(CCCC)CC)S%11)=C(S%12)C(C=C%12C)=C%13C%14SC(CC(CCCC)CC)=CC%14)=C%13S%10)S9)=C1F
D_30,FC(C(F)=C(C1=N2)C3=CC=C(S3)C4=CC5=C(C6=C(C(C7=CC=CC([S]CCCCCCCC)=C7)=C5S4)C=C(C)S6)C8=CC=CC([S]CCCCCCCC)=C8)=C(C9=CC=C(C)S9)C1=NN2CCCCCCCCCCCCCCCC
D_31,CC1=CC=C(S1)C2=C(C(C(C=C(C(SCC(CCCC)CC)=C3)SCC(CCCC)CC)=C3C4=O)=O)C4=C(C5=CC=C(S5)C6=CC7=C(C8=C(C(C9=CC(F)=C(S9)CC(CCCC)CC)=C7S6)C=C(C)S8)C%10=CC(F)=C(S%10)CC(CCCC)CC)S2
D_32,CC1=CC=C(S1)C2=C(C(F)=C(C3=NC(C4=CC(F)=C(S4)CC(CC)CC)=C(N=C23)C5=CC(F)=C(S5)CC(CC)CC)C6=CC=C(S6)C7=CC8=C(C9=C(C(C%10=CC=C(S%10)CC(CC)CC)=C8S7)C=C(C)S9)C%11=CC=C(S%11)CC(CC)CC)F
D_33,CC(SC1=C(C2=C3SC(C4=CC=C(S4)C5=C(C(F)=C(C(N=C6C7=CC=CC(OCCCCCCCC)=C7)=C5N=C6C8=CC=CC(OCCCCCCCC)=C8)C9=CC=C(C)S9)F)=C2)C%10=CC(F)=C(S%10)SC)=CC1=C3C(S%11)=CC(F)=C%11SC
D_34,CC1=CC(C(C2=CC=C(S2)CC(CCCC)CC)=C3S4)=C(S1)C(C5=CC=C(S5)CC(CC)CCCC)=C3C=C4C6=CC(NC(OCC(CCCCCCCC)CCCCCCCCCC)=O)=C(C(S7)=NC(S8)=C7N=C8C(SC(C)=C9)=C9NC(OCC(CCCCCCCCCC)CCCCCCCC)=O)S6
D_35,CC1=CC(C(C2=CC=C(SCC(CCCCCC)CCCC)S2)=C3SC(C4=C(CCCCCCCC)C=C(C5=NN=C(S5)C6=CC(CCCCCCCC)=C(S6)C)S4)=CC3=C7C8=CC=C(SCC(CCCC)CCCCCC)S8)=C7S1
D_36,CC(S1)=CC=C1C2=C3C(C(C4=C(SC(CC(CC)CCCC)=C4C3=O)CC(CCCC)CC)=O)=C(S2)C(S5)=CC=C5C6=CC7=C(C8=CC(Cl)=C(CCCCCOC)C8)C9=C(C=C(S9)C)C(C%10=CC(Cl)=C(CCCCCOC)C%10)=C7S6
D_37,FC1=C(C(S2)=CC=C2C3=C(CCCCCCCCCCCCCCCC)C=C(C)S3)C4=NSN=C4C(C5=CC=C(S5)C6=C(CCCCCCCCCCCCCCCC)C=C(C7=C(C([F])=C(C8=C7C(N(C8=O)CCCCCCCCCCCCCCCC)=O)C)[F])S6)=C1F
D_38,O=C(C1=C(CC(CCCC)CC)SC(CC(CCCC)CC)=C12)C3=C(C4=CC=CS4)SC(C(S5)=CC=C5C6=CC7=C(C8=CC=C(CC(CCCC)CCCCCC)C=C8)C(SC=C9)=C9C(C%10=CC=C(CC(CCCCCC)CCCC)C=C%10)=C7S6)=C3C2=O
D_39,CC(S1)=CC=C1C2=C3C(C(C4=C(SC(CC(CC)CCCC)=C4C3=O)CC(CCCC)CC)=O)=C(S2)C(S5)=CC=C5C6=CC7=C(C8=CC(Cl)=C(CCCCCCI)C8)C9=C(C=C(S9)C)C(C%10=CC(Cl)=C(CCCCCCI)C%10)=C7S6
D_40,CC(S1)=CC=C1C2=C3C(C(C4=C(SC(CC(CC)CCCC)=C4C3=O)CC(CCCC)CC)=O)=C(S2)C(S5)=CC=C5C6=CC7=C(C8=CC(Cl)=C(CCCCCCOC(C)=O)C8)C9=C(C=C(S9)C)C(C%10=CC(Cl)=C(CCCCCCOC(C)=O)C%10)=C7S6
D_41,CC1=CC2=C(S1)C(C3=CC=C([Si](CCC)(CCC)CCC)S3)=C4C=C(C5=CC=C(C6=C(F)C(F)=C(C7=CC=C(S7)C)C8=NN(CC(CCCCCCCC)CCCCCC)N=C68)S5)SC4=C2C9=CC=C([Si](CCC)(CCC)CCC)S9
D_42,FC(C(F)=C(C1=NN(N=C21)CCC(CCCC)CCCCCC)C3=CC=C(S3)C)=C2C(S4)=CC=C4C5=CC(C(CCCC(CCCCCC)CCCC)=C6SC(C)=CC6=C7CCCC(CCCC)CCCCCC)=C7S5
D_43,CC1=CC2=C(C3=C(C(C4=CC=C(S4)C)=C2S1)C=C(C5=CC6=C(S5)C7=C(C=C(S7)C)C8=NN(C)N=C68)S3)C9=CC=C(S9)C
D_44,CC(S1)=CC=C1C(C2=NN(CC(CCCCCCCC)CCCCCC)N=C32)=C(F)C(F)=C3C4=CC=C(C(S5)=CC(C5=C6C7=CC=C(SCC(CCCC)CCCCCC)S7)=C(C8=CC=C(SCC(CCCC)CCCCCC)S8)C9=C6C=C(C)S9)S4
D_45,CC(S1)=CC=C1C2=C3C(C(C4=C(SC(CC(CC)CCCC)=C4C3=O)CC(CCCC)CC)=O)=C(S2)C(S5)=CC=C5C6=CC7=C(C8=CC(Cl)=C(CCCCCC9=CC=C(CCCCCC)S9)C8)C%10=C(C=C(S%10)C)C(C%11=CC(Cl)=C(CCCCCC%12=CC=C(CCCCCC)S%12)C%11)=C7S6
D_46,CC(S1)=C(CCCCCCCC)C=C1C(O2)=NN=C2C3=CC(CCCCCCCC)=C(C4=CC5=C(C6=C(C(C7=CC=C(S7)CC(CCCCCC)CCCCCCCC)=C5S4)C=C(C)S6)C8=CC=C(S8)CC(CCCCCCCC)CCCCCC)S3
D_47,FC(C(OCC(CCCCCC)CCCCCCCC)=C(C1=NSN=C21)C3=CC=C(S3)C4=CC5=C(C6=C(C(C7=CC=C(S7)CC(CCCC)CC)=C5S4)C=C(C)S6)C8=CC=C(S8)CC(CC)CCCC)=C2C9=CC=C(C)S9
D_48,FC(C(F)=C(C1=CC=C(S1)C2=CC(C(C3=CC(Cl)=C(CC(CC)CCCC)S3)=C(SC=C4)C4=C5C6=CC(Cl)=C(CC(CCCC)CC)S6)=C5C2)C7=NN(CC(CCCCCCCC)CCCCCC)N=C78)=C8C9=CC=CS9
D_49,ClC1=C(C2=CC(C(C3=CC=C(C=C3)CC(CCCCCC)CCCC)=C4SC(C)=CC4=C5C6=CC=C(C=C6)CC(CCCC)CCCCCC)=C5S2)SC(C7=C8C(C(C9=C(SC(CC(CCCC)CC)=C9C8=O)CC(CCCC)CC)=O)=C(S7)C%10=CC(Cl)=C(C)S%10)=C1
D_50,OC1=C(C(C2=C(SC(C3=CC=C(C)S3)=C2C4=O)C5=CC=C(S5)C6=CC7=C(C8=C(C(C9=CC=C(C(SC%10=CC=C(C=C%10)CCCCCC)=C9[H])[H])=C7S6)C=C(C)S8)C%11=CC=C(C(SC%12=CC=C(C=C%12)CCCCCC)=C%11[H])[H])=O)C4=C(O)S1
D_51,CC1=CC(C(S1)=C(C2=C3SC(C(S4)=CC=C4C5=C6C(C(C7=C(SC(CC(CC)CCCCC)=C7C6=O)CC(CC)CCCCC)=O)=C(C8=CC=C(C)S8)S5)=C2)C9=CC(C=C(C=C%10)B=O)=C%10S9)=C3C%11=CC(C=C(C=C%12)B=O)=C%12S%11
D_52,FC1=C(C2=CC(CC(CCCCCCCCCC)CCCCCCCCCCCC)=C(C)S2)C3=NSN=C3C(C4=CC=C(C)S4)=C1
D_53,FC(C(F)=C(C1=N2)C3=CC=C(S3)C4=CC5=C(C6=C(C(C7=CC(Cl)=C(S7)CC(CCCC)CC)=C5S4)C=C(C)S6)C8=CC(Cl)=C(S8)CC(CCCC)CC)=C(C9=CC=C(C)S9)C1=NN2CCC(CCCCCCCCCC)CCCCCCCC
D_54,FC(C(F)=C(C1=N2)C3=CC=C(S3)C4=CC5=C(C6=C(C(C(C=C7)=CC=C7C(C=C8)=CC=C8[S]CC(CCCCCC)CCCCCCCC)=C5S4)C=C(C)S6)C9=CC=C(C=C9)C%10=CC=C(C=C%10)[S]CC(CCCCCC)CCCCCCCC)=C(C%11=CC=C(C)S%11)C1=NN2CCC(CCCCCC)CCCCCCCC
D_55,FC(C=C(C1=C2C(C=C(S2)CSC3=C(CCCCCC)C(SC(C4=CC=C(/C(C(N5CC(CCCCCC)CCCCCCCC)=O)=C6C(N(CC(CCCCCC)CCCCCCCC)C7=C\6C=CC(C8=CC9=C(C(CCCCCC)=C(C)S9)S8)=C7)=O)C5=C4)=C%10)=C%10S3)=C(C%11=CC(F)=C(SCC(CC)CC)S%11)C%12=C1C=C(C)S%12)S%13)=C%13SCC(CCCC)CC
D_56,CC1=C(F)C=C(S1)C2=C3C=C(SC3=C(C4=C2SC(C5=CC=C(S5)C6=C(C(F)=C(C(N=C7C8=CC=CC(OCCCCCCCC)=C8)=C6N=C7C9=CC=CC(OCCCCCCCC)=C9)C%10=CC=C(C)S%10)F)=C4)C%11=CC(F)=C(S%11)C)C
D_57,c1(c2c3c(c(c4c2cc(s4)c2ccc(s2)c2sc(c4c2C(=O)c2c(C4=O)c(sc2C[C@H](CCCC)CC)C[C@@H](CCCC)CC)c2cccs2)c2ccc(s2)[Si](CCC)(CCC)CCC)ccs3)ccc(s1)[Si](CCC)(CCC)CCC
D_58,CC(SC(C1=CC(C(S1)=C(C2C=C(C)SC23)C4=CC=C(S4)CC(CC)CCCC)=C3C5=CC=C(S5)CC(CCCC)CC)=C6S7)=C6C(F)=C7C(OCC(CC)CCCC)=O
D_59,O=C(OCC(CCCC)CC)C(C=C(C)S1)=C1C2=CC=C(S2)C3=C(C(OCC(CCCC)CC)=O)C=C(C4=CC(C(C5=CC=C(S5)SCCCCCCCC)=C6SC(C)=CC6=C7C8=CC=C(S8)SCCCCCCCC)=C7S4)S3
D_60,S=C(N1CCCCCC)S/C(C1=O)=C\C(S2)=CC=C2C3=C(CCCCCC)C=C(S3)C(SC(C4=CC5=C(C(C6=CC(CC(CC)CCCC)=C(CCCCCC)S6)=C7C=C(SC7=C5C8=CC(CCCCCC)=C(CC(CCCC)CC)S8)C9=CC(CCCCCC)=C(C%10=CC(CCCCCC)=C(C%11=CC=C(/C=C(C%12=O)\SC(N%12CCCCCC)=S)S%11)S%10)S9)C4)=C%13)=C%13CCCCCC
D_61,CC1=CC(C(C2=CC=C(S2)[Si](CCC)(CCC)CCC)=C3SC(C4=CC=C(S4)C5=C(C(Cl)=C(C6=NN(N=C56)CC(C)C)C7=CC=C(S7)C)Cl)=CC3=C8C9=CC=C(S9)[Si](CCC)(CCC)CCC)=C8S1
D_62,CCC(S1)=CC=C1C(C2=C3SC(C(SC4=C(C5=C6SC(C)=C5)C7=CC=C(S7)CC)=CC4=C6C8=CC=C(CC)S8)=C2)=C9SC(C%10=C(C(C%11=C(SC(CC)=C%11C%12=O)CC)=O)C%12=C(C)S%10)=CC9=C3C%13=CC=C(CC)S%13
D_63,CC1=C(C)C(Cl)=C(C2=CC3=C(C(C4=CC(F)=C(CCCCCCCC)S4)=C5C=C(C)SC5=C3C6=CC(F)=C(CCCCCCCC)S6)S2)S1
D_64,FC1=C(C2=CC=C(C3=CC4=C(C5=CC=C(SCCCCCCCCCCCC)S5)C(SC(C)=C6)=C6C(C7=CC=C(SCCCCCCCCCCCC)S7)=C4S3)S2)C8=NN(CC(CCCCCC)CCCCCCCC)N=C8C(C9=CC=C(C%10=CC(C(C%11=CC=C(SCCCCCCCCCCCC)S%11)=C(S%12)C(C=C%12C)=C%13C%14=CC=C(SCCCCCCCCCCCC)S%14)=C%13S%10)S9)=C1F
D_65,CC1=CC(C(C2=CC=C(CC(CCCC)CCCCCC)S2)=C3SC(C4=C(CCCCCCCC)C=C(C5=NN=C(S5)C6=CC(CCCCCCCC)=C(S6)C)S4)=CC3=C7C8=CC=C(CC(CCCCCC)CCCC)S8)=C7S1
D_66,CC1=CC(C(C2=CC(F)=C(SCC(CCCC)CCCCCC)S2)=C3SC(C4=C(CCCCCCCC)C=C(C5=C(C(F)=C(C6=NSN=C56)C7=CC(CCCCCCCC)=C(S7)C)F)S4)=CC3=C8C9=CC(F)=C(SCC(CCCCCC)CCCC)S9)=C8S1
D_67,CC1=CC=C(C(C2=NN(N=C2C(C3=CC=C(C4=C(C=C(S4)C5=C6C(C=CS6)=C(C7=CC(CC(CCCCCCCCCC)CCCCCCCCCCCC)=C(S7)C)C8=C5C=CS8)CC(CCCCCCCCCCCC)CCCCCCCCCC)S3)=C9F)CCC)=C9F)S1
D_68,FC(C(F)=C(C1=NN(N=C21)CC(CCCCCC)CCCCCCCC)C3=CCC(C)S3)=C2C(S4)=CC=C4C(OC5=C(C6=C7OC(C)=C6)C8=CC(Cl)=C(CC(CC)CCCC)S8)=CC5=C7C9=CC(Cl)=C(S9)CC(CC)CCCC
D_69,FC(C(F)=C(C1=CC=C(C2=CC3=C(C(C4=CC(Cl)=C(CC(CC)CCCCCC)S4)=C(C=CS5)C5=C3C6=CC(Cl)=C(CC(CCCCCC)CC)S6)S2)S1)C7=NN(CC(CCCCCCCC)CCCCCC)N=C78)=C8C9=CC=CS9
D_70,CC1=CC(C(C2=CC=C(S2)CC(CCCC)CCCCCC)=C3S4)=C(S1)C(C5=CC=C(CC(CCCCCC)CCCC)S5)=C3C=C4C(S6)=C(CC(CCCC)CC)C=C6C7=NC8=C(S7)N=C(C9=CC(CC(CC)CCCC)=C(C)S9)S8
D_71,CC1=CC=C(C2=CC(C(N=C(C(C3=CC=C(S3)CCCCCCCC)=N4)C5=CC=C(S5)CCCCCCCC)=C4C(C6=CC=C(C7=CC8=C(C9=CC=C(SCC(CCCC)CCCCCC)S9)C(SC(C)=C%10)=C%10C(C%11=CC=C(SCC(CCCC)CCCCCC)S%11)=C8S7)S6)=C%12)=C%12C%13=C2N=C(C%14=CC=C(S%14)CCCCCCCC)C(C%15=CC=C(S%15)CCCCCCCC)=N%13)S1
D_72,CC1=CC2=C(C(C([Se]3)=CC=C3[Si](CCC)(CCC)CCC)=C4C=C(SC4=C2C5=CC=C([Se]5)[Si](CCC)(CCC)CCC)C6=CC=C(S6)C(C7[N]N([N]C7C(C8=CC=C(C)S8)=C9F)CC(CCCCCC)CCCCCCCC)=C9F)S1
D_73,CCC(CCCC)CC(S1)=CC=C1C(C2=C3SC(C4=CC=C(C5=C(C(OCC(CC)CCCC)=O)C6=C(C(C(OCC(CCCCCC)CC)=O)=C(C7=CC=C(C)S7)S6)S5)S4)=C2)=C8SC(C)=CC8=C3C9=CC=C(S9)CC(CCCC)CC
D_74,CC1=CC(C(S1)=C(C2=C3SC(C4=C(CC(CCCC)CCCCCC)C=C(C5=NC6=C(C=C(N=C(C7=CC(CC(CCCC)CCCCCC)=C(C)S7)S8)C8=C6)S5)S4)=C2)C9=CC=C(S9)CC(CCCC)CC)=C3C%10=CC=C(S%10)CC(CC)CCCC
D_75,CCC(S1)=CC=C1C(C2=C3SC(C(SC4=C(C5=C6SC(C(SC7=C(C8=C9SC(C)=C8)C%10=CC=C(S%10)CC)=CC7=C9C%11=CC=C(CC)S%11)=C5)C%12=CC=C(S%12)CC)=CC4=C6C%13=CC=C(CC)S%13)=C2)=C%14SC(C%15=C(C(C%16=C(SC(CC)=C%16C%17=O)CC)=O)C%17=C(C)S%15)=CC%14=C3C%18=CC=C(CC)S%18
D_76,FC(C(F)=C(C1=NSN=C21)C3=CC(CC(CCCCCCCCCCCC)CCCCCCCCCC)=C(S3)C4=CC=C(S4)C5=CC=C(S5)C)=C2C6=CC(CC(CCCCCCCCCCCC)CCCCCCCCCC)=C(C)S6
D_77,FC(C(F)=C(C1=NN(N=C21)CC(CCCCCC)CCCCCCCC)C3=CCC(C)S3)=C2C(S4)=CC=C4C(OC5=C(C6=C7OC(C)=C6)C8=CC(F)=C(CC(CC)CCCC)S8)=CC5=C7C9=CC(F)=C(S9)CC(CC)CCCC
D_78,CCCCCCC1=C(SC(C2=CC(C(C3=CC=C(S3)CC(CCCC)CC)=C4SC(C)=CC4=C5C6=CC=C(S6)CC(CCCC)CC)=C5S2)=C1F)C
D_79,CC1=CC2=C(S1)C(C(C3=CC=C(CCCCCC)C=C3)(C4=CC5=C(C(C6=CC=C(CCCCCC)C=C6)(C7=C5SC8=C7SC(C9=CC=C(S9)C%10=C(C(F)=C(C%11=NN(CC(CCCC)CCCCCC)N=C%10%11)C%12=CC=C(S%12)C)F)=C8)C%13=CC=C(CCCCCC)C=C%13)C=C4%14)C%15=CC=C(CCCCCC)C=C%15)=C%14S2
D_80,CC1=CC(C(C2=CC=C(S2)[Si](CCC)(CCC)CCC)=C3OC(C4=CC=C(S4)C5=C(C(F)=C(C6=NN(N=C56)CC(CCCCCCCC)CCCCCC)C7=CC=C(C)S7)F)=CC3=C8C9=CC=C(S9)[Si](CCC)(CCC)CCC)=C8O1
D_81,CC1=CC2=C(C(C(S3)=CC=C3[Si](CCC)(CCC)CCC)=C4C=C(SC4=C2C5=CC=C(S5)[Si](CCC)(CCC)CCC)C6=CC=C([Se]6)C(C7[N]N([N]C7C(C8=CC=C(C)[Se]8)=C9F)CC(CCCCCC)CCCCCCCC)=C9F)S1
D_82,CC1=CC2=C(C3=C(C(C4=CC(F)=C(S4)CC(CC)CCCC)=C2S1)C=C(C5=CC=C(S5)C6=CC7=C(C8=NN(N=C68)CC(CCCCCC)CCCC)C=C(C9=NN(N=C79)CC(CCCC)CCCCCC)C%10=CC=C(S%10)C)S3)C%11=CC(F)=C(S%11)CC(CC)CCCC
D_83,O=C1C(C=CS2)=C2C3=C(C=C(S3)C4=CC5=C(C6=C(C(C7=CC=C(S7)CC(CC)CCCC)=C5S4)C=C(C)S6)C8=CC=C(S8)CC(CCCC)CC)N1CC(CCCCCCCCCC)CCCCCCCC
D_84,CC1=CC=C(S1)C2=CC=C(C(F)=C2F)C3=CC=C(S3)C4=C(CC(CCCCCCCCCCCC)CCCCCCCCCC)C=C(C5=C(C(F)=C(C6=NN(N=C56)CCC)C7=CC(CC(CCCCCCCCCC)CCCCCCCCCCCC)=C(S7)C)F)S4
D_85,FC(C(F)=C(C1=N2)C3=CC=C(S3)C4=CC5=C(C6=C(C(C7=CC=C(C=C7)[S]CCCCCCCC)=C5S4)C=C(C)S6)C8=CC=C(C=C8)[S]CCCCCCCC)=C(C9=CC=C(C)S9)C1=NN2CCCCCCCCCCCCCCCC
D_86,CC1=CC(C(S1)=C(C2=C3SC(C(S4)=CC=C4C5=C6C(C(C7=C(SC(CC(CC)CCCC)=C7C6=O)CC(CC)CCCC)=O)=C(S5)C8=CC=C(C)S8)=C2)C9=CC=CC(OCC(CC)CCCC)=C9)=C3C%10=CC=CC(OCC(CC)CCCC)=C%10
D_87,CC1=CC(C(S1)=C(C2=C3SC(C(S4)=CC=C4C5=C6C(C(C7=C(SC(CC)=C7C6=O)CC)=O)=C(S5)C8=CC=C(C)S8)=C2)C9=CC=C(S9)B=O)=C3C%10=CC=C(S%10)O[B]
D_88,FC(C=C1C(S2)=C(OCCCCCCCCCCCC)C=C2C(C3C(N4CC(CCCCCC)CCCCCCCC)=O)=CC=C(C)C3C4=O)=C(C=C1F)C5=C(OCCCCCCCCCCCC)C=C(C)S5
D_89,FC(C(F)=C(C(F)=C1F)C2=CC=C(S2)C3=C(C4=CC=C(S4)C(CCCCCCCCCCCC)CCCCCCCCCC)C=C(C5=C(C(F)=C(C6=NN(N=C56)CCCCCCCC)C7=CC(C8=CC=C(S8)CC(CCCCCCCCCCCC)CCCCCCCCCC)=C(S7)C)F)S3)=C1C9=CC=C(C)S9
D_90,O=C(N1CC(CCCCCC)CCCCCCCC)C(C=C2C(SC(C)=C3)=C3CCCCCCCCCC)=C(S2)C4=C(C=C(S4)C5=C(CCCCCCCCCC)C=C(C6=CC7=C(C8=C(C(C9=CC=C(S9)SCCCCCCCC)=C7S6)C=C(C)S8)C%10=CC=C(S%10)SCCCCCCCC)S5)C1=O
D_91,FC(C(F)=C(C1=NC(C2=CC(F)=C(S2)CC(CCCC)CC)=C(N=C31)C4=CC(F)=C(S4)CC(CCCC)CC)C5=CC=C(S5)C6=CC7=C(C8=C(C(C9=CC=C(S9)CC(CCCC)CC)=C7S6)C=C(C)S8)C%10=CC=C(S%10)CC(CCCC)CC)=C3C%11=CC=C(C)S%11
D_92,O=C(C1=CC2=C(SC(C3=NC=C(S3)C4=CC5=C(C6=C(C(C7=CC=C(S7)CC(CCCC)CC)=C5S4)C=C(C)S6)C8=CC=C(S8)CC(CCCC)CC)=C2S1)C9=NC=C(C)S9)OCC(CCCCCCCC)CCCCCCCCCC
D_93,CC(S1)=CC=C1C(C2=NN3CC(CCCCCC)CCCC)=C(C(F)=C(C2=N3)C4=CC=C(S4)C5=CC6=C(C7=C(C(CCCCCCCC)(CCCCCCCC)S6)C=C(C)S7)S5)F
D_94,CC1=CC=C(C2=C(F)C=C(C3=C2N=CC(OCC(CCCCCC)CCCCCCCC)=N3)C)S1
D_95,CC(S1)=CC=C1C(C2=NC(CC(CCCC)CCCCCC)N=C32)=C(F)C(F)=C3C(S4)=CC=C4C5=CC(C(C6=CC=C(SCC(CCCCCC)CCCC)S6)=C(SC(C)=C7)C7=C8C9=CC=C(SCC(CCCCCC)CCCC)S9)=C8S5
D_96,CCC(SC1=CC=C(C2=C3C(SC(C4=CC=C(C(SC(C5=CC=C(C)S5)=C6C7=O)=C6C(C8=C(SC(CC(CCCC)CC)=C87)CC(CC)CCCC)=O)S4)=C3)=C(C9=C2SC(C)=C9)C(S%10)=CC=C%10SC(CCCC)CC)S1)CCCC
D_97,FC1=C(C2=CC(CC(CCCCCCCCC)CCCCCCCCCCC)=C(C)S2)C3=NSN=C3C(C4=CC(CC(CCCCCCCCCCC)CCCCCCCCC)=C(S4)C5=CC(SC(C)=C6)=C6S5)=C1F
D_98,CC1=CC2=C(C3=C(C(C4=CC=C(S4)CC(CC)CCCC)=C2S1)C=C(C5=C(CCCCCCCC)C=C(C6=CC7=C(S6)C8=C(C=C(S8)C9=CC(CCCCCCCC)=C(C)S9)N(CC(CCCCCCCC)CCCCCC)C7=O)S5)S3)C%10=CC=C(S%10)CC(CCCC)CC
D_99,CC1=CC2=C(C(C(C3=CC=C(S3)CC(CCCC)CC)=C4SC(C=C5C(S6)=CC=C6C(C7=NN(CCCCCCCC)N=C87)=C(C(N(C9=O)CCCCCCCC)=O)C9=C8C%10=CC=C(C)S%10)=C(S5)C4=C%11C%12=CC=C(S%12)CC(CCCC)CC)=C%11S2)S1
D_100,CC(S1)=CC=C1C(C2=NN(CC(CCCCCCCC)CCCCCC)N=C2C(C3=CC=C(S3)C4=CC5=C(C6=C(C(C7=CC=C(C=C7)[S]CC(CCCCCCCC)CCCCCC)=C5S4)C=C(C)S6)C8=CC=C(C=C8)[S]CC(CCCCCCCC)CCCCCC)=C9F)=C9F
D_101,O=C(N1CC(CCCCCCCC)CCCCCC)C(C=C2C(S3)=C(CCCCCCCCCC)C=C3C(SC4=C(C5=C6SC(C)=C5)C7=CC=C(S7)CCCCCCCC)=CC4=C6C(S8)=CC=C8CCCCCCCC)=C(S2)C9=C(C=C(S9)C%10=C(CCCCCCCCCC)C=C(C)S%10)C1=O
D_102,CCCCCCC1=C(C2=CC3=C(C4=C(C(C5=CC=C(CC(CC)CCCC)S5)=C3S2)C=CS4)C6=CC=C(CC(CCCC)CC)S6)SC(C7=C(C(C8=O)=C(C9=CC(CCCCCC)=CS9)S7)C(N8CCCCCCCC)=O)=C1
D_103,CC1=C(C)C(Cl)=C(C2=CC3=C(C(C4=CC(Cl)=C(CCCCCCCC)S4)=C5C=C(C)SC5=C3C6=CC(Cl)=C(CCCCCCCC)S6)S2)S1
D_104,FC(C=C1C2=C(OCCCCCCCC)C(OCCCCCCCC)=C(C)C3=NON=C23)=C(S1)C4=C(F)C=C(C)S4
D_105,CC1=CC(C(C2=CC=C(C=C2)CC(CCCC)CC)=C3S4)=C(S1)C(C5=CC=C(C=C5)CC(CC)CCCC)=C3C=C4C(S6)=CC=C6C(C7=NN(N=C87)CCCCCCCC)=C(C(N(C9=O)CCCCCCCC)=O)C9=C8C%10=CC=C(C)S%10
D_106,CC1=CC(C(C2=CC=C(S2)SC(CC)CCCC)=C3SC(C4=CC(C(OCC(CCCCCC)CCCC)=O)=C(S4)C5=CC=C(S5)C)=CC3=C6C7=CC=C(S7)SC(CCCC)CC)=C6S1
D_107,c1cccc2c1n(c1c2ccc(c1)c1sc(cc1)c1ccc(c2c1nsn2)c1sccc1)C(CCCCCCCC)CCCCCCCC
D_108,CC(S1)=C(CCCCC(CC)CC)C=C1C2=NC(S3)=C(S2)N=C3C4=CC(CCCCC(CC)CC)=C(S4)C5=CC(C(S5)=C(C6=C7SC(C)=C6)C8=CC(Cl)=C(S8)CC(CCCC)CC)=C7C9=CC(Cl)=C(CC(CC)CCCC)S9
D_109,[H]C(C([H])=C(C1=NN(N=C21)CC(CCCCCC)CCCCCCCC)C3=CC=C(C4=CC(C(C5=CC(Cl)=C(S5)CC)=C6SC(C)=CC6=C7C8=CC(Cl)=C(S8)CC)=C7S4)S3)=C2C9=CC=C(C)S9
D_110,CC(C1=NSN=C12)=C(C=C2C(S3)=CC(CC(CCCCCCCCCCCC)CCCCCCCCCC)=C3C)F
D_111,FC(C(C1=C(OCCCCCCCCCCCC)C=C(C2=C(C(N(C3=O)CC(CCCCCC)CCCCCCCC)=O)C3=C(C)S2)S1)=C4)=CC(C5=C(OCCCCCCCCCCCC)C=C(C)S5)=C4F
D_112,CC(S1)=CC=C1C2=C3C(C(C4=C(SC(CC(CC)CCCC)=C4C3=O)CC(CCCC)CC)=O)=C(S2)C(S5)=CC=C5C6=CC7=C(C8=CC(Cl)=C(CCCCCC[H])C8)C9=C(C=C(S9)C)C(C%10=CC(Cl)=C(CCCCCC[H])C%10)=C7S6
D_113,FC(C(F)=C(C1=NN(N=C21)CCCCCCCC)C3=CC(CC(CCCCCCCCCC)CCCCCCCCCCCC)=C(S3)C4=CC=C(S4)C5=C(C(F)=C(C(F)=C5F)C6=CC=C(S6)C)F)=C2C7=CC(CC(CCCCCCCCCC)CCCCCCCCCCCC)=C(C)S7
D_114,FC(C=C(C1=C2C(C=C(S2)CSC3=C(CCCCCCCCCCC)C(SC(C4=CC=C(/C(C(N5CC(CCCCCC)CCCCCCCC)=O)=C6C(N(CC(CCCCCC)CCCCCCCC)C7=C\6C=CC(C8=CC9=C(C(CCCCCCCCCCC)=C(C)S9)S8)=C7)=O)C5=C4)=C%10)=C%10S3)=C(C%11=CC(F)=C(SCC(CC)CC)S%11)C%12=C1C=C(C)S%12)S%13)=C%13SCC(CCCC)CC
D_115,CC1=CC2=C(C3=CC=C(SCC(CC)CCCC)S3)C=C4C5=C(C=C(S5)C6=C(C=C(S6)C7=C(C8=C(S7)C9=CC(CCCCCCCC)=C([*])S9)C(C%10=C(CC(CC)CCCC)SC(CC(CC)CCCC)=C%10C8=O)=O)CCCCCCCC)C(C%11=CC=C(SCC(CC)CCCC)S%11)=CC4=C2S1
D_116,FC(C(C1=CC=C(S1)C2=C(C(F)=C(C3=NC(C4=CC=C(C(OCCCCCCCC)=C4)OCCCCCCCC)=C(N=C23)C5=CC=C(C(OCCCCCCCC)=C5)OCCCCCCCC)C)F)=C6)=CC(C7=CC=C(C)S7)=C6F
D_117,CC1=CC2=C(C3=C(C(C4=CC=C(S4)SCC)=C2S1)C=C(C5=C(CC6CCCCC6)C=C(C7=C(C(C8=C(SC(CC(CCCC)CC)=C8C9=O)CC(CCCC)CC)=O)C9=C(C%10=CC(CC%11CCCCC%11)=C(S%10)C)S7)S5)S3)C%12=CC=C(S%12)SCC
D_118,CC1=CC=C(S1)C2=C(C(C3=C(SC(CC(CC)CCCC)=C3C4=O)CC(CCCC)CC)=O)C4=C(C5=CC=C(S5)C6=CC7=C(C8=C(C(C9=CC=C(S9)CC(CCCC)CC)=C7S6)C=C(C)S8)C%10=CC=C(S%10)CC(CCCC)CC)S2
D_119,CC1=CC2=C(C3=C(C(C4=CC=C(S4)CC(CCCC)CC)=C2S1)C=C(C5=C6SC(C(OCCCCCCCC)=O)=C(F)C6=C(C)S5)S3)C7=CC=C(S7)CC(CC)CCCC
D_120,CC1=CC2=C(C(C(C3=CC(CCCCCC)=C(S3)CC(CCCC)CC)=C4SC(C=C5C(S6)=CC=C6C(C7=NN(CCCCCCCC)N=C87)=C(C(N(C9=O)CCCCCCCC)=O)C9=C8C%10=CC=C(C)S%10)=C(S5)C4=C%11C%12=CC(CCCCCC)=C(S%12)CC(CCCC)CC)=C%11S2)S1
D_121,CCCCCCC(C=C1)=CC=C1SC(C([H])=C2[H])=CC=C2C(C3=C(C(C4=CC=C(C([H])=C4[H])SC5=CC=C(C=C5)CCCCCC)=C6S7)C=C(C)S3)=C6C=C7C(S8)=CC=C8C(SC(C9=CC=C(C)S9)=C%10%11)=C%10C(C%12=C(CC(CC)CCCCCC)SC(CC(CC)CCCCCC)=C%12C%11=O)=O
D_122,CC1=CC(C(C2=CC=C(S2)CC(CC)CCCC)=C3SC(C4=CC(C(OCC(CCCCCC)CCCC)=O)=C(S4)C5=CC=C(S5)C)=CC3=C6C7=CC=C(S7)CC(CCCC)CC)=C6S1
D_123,CC1=CC2=C(C3=C(C(C4=CC=C(S4)CC(CCCC)CC)=C2C1)C=C(C5=CC=C(C)S5C(C)=O)S3)C6=CC=C(S6)CC(CCCC)CC
D_124,FC(C(F)=C(C1=N2)C3=CC=C(S3)C4=CC5=C(C6=C(C(C7=CC(Cl)=C(S7)CC(CCCC)CC)=C5S4)C=C(C)S6)C8=CC(Cl)=C(S8)CC(CCCC)CC)=C(C9=CC=C(C)S9)C1=NN2CCC(CCCCCC)CCCCCCCC
D_125,c1csc2c1c(c1c(c2c2cc(c(s2)CCCCCCCC)CCCCCCCC)cc(s1)c1sc(c(c1)CCCCCC)c1sc2c(n1)sc(n2)c1sccc1CCCCCC)c1cc(c(s1)CCCCCCCC)CCCCCCCC
D_126,c1cc2c(s1)c(c1c(c2c2ccc(s2)C[C@@H](CC)CCCC)sc(c1)c1ccc(s1)c1sc(c2c1C(=O)c1c(C2=O)c(sc1C[C@@H](CC)CCCC)C[C@H](CC)CCCC)c1cccs1)c1ccc(s1)C[C@@H](CC)CCCC
D_127,FC(C(F)=C(C1=CC=CS1)C2=NN(CCCCCCCC)N=C32)=C3C(S4)=CC=C4C(S5)CC6=C5C(C7=CC=C(CC(CCCCCC)CCCCCCCC)S7)=C(C=CS8)C8=C6C9=CC=C(CC(CCCCCCCC)CCCCCC)S9
D_128,[H]C1=C(SC(CC(CC)CCCC)=C1[Cl])C(C2=C3SC(C)=C2)=C4SC(C5=CC=C(S5)C6=C(C(F)=C(C7=NN(N=C67)CC(CCCCCCCC)CCCCCC)C8=CC=C(C)S8)F)=CC4=C3C9=C([H])C([Cl])=C(CC(CCCC)CC)S9
D_129,CC(SC1=C2C3=CC=C(S3)CC(CCCC)CC)=CC1=C(C4=CC=C(S4)CC(CC)CCCC)C(S5)=C2C=C5C6=CC=C(C(C7=NN(N=C87)CC(CCCCCC)CCCC)=CC(C9=NN(N=C%109)CC(CCCC)CCCCCC)=C8C=C%10C%11=CC=C(C)S%11)S6
D_130,CC1=CC2=C(C3=C(C(C4=CC=C(S4)CC)=C2S1)C=C(C5=C(CCCCCC)C6=C(C=C(S6)C7=C(C(C8=C(SC(CCCCCCCC)=C8C9=O)CCCCCCCC)=O)C9=C(C%10=CC%11=C(S%10)C(CCCCCC)=C(C)S%11)S7)S5)S3)C%12=CC=C(S%12)CC
D_131,FC(C(F)=C(C1=NN(N=C21)CCC)C3=CC(CC(CCCCCCCCCC)CCCCCCCCCCCC)=C(S3)C4=CC=C(S4)C5=CC(F)=C(C=C5F)C6=CC=C(C)S6)=C2C7=CC(CC(CCCCCCCCCCCC)CCCCCCCCCC)=C(C)S7
D_132,CC1=CC(C(C2=CC=C(CC(CCCC)CCCCCC)S2)=C3SC(C4=C(CCCCCCCC)C=C(C5=C(C(F)=C(C6=NSN=C56)C7=CC(CCCCCCCC)=C(S7)C)F)S4)=CC3=C8C9=CC=C(CC(CCCC)CCCCCC)S9)=C8S1
D_133,CC1=CC(C(S1)=C(C2=C3SC(C4=CC=C(C5=C6C(C(C7=C(SC(CCCCCCCC)=C7C6=O)CCCCCCCC)=O)=C(C8=CC=C(C)S8)S5)S4)=C2)C9=CC=C(S9)CC(CC)CCCC)=C3C%10=CC=C(S%10)CC(CCCC)CC
D_134,CC1=CC=C(S1)C2=C3C(C(N(C3=O)CCCCCCCC)=O)=C(C4=NN(N=C24)CCCCCCCC)C5=CC=C(S5)C6=CC7=C(C8=C(C(C9=CC=C(S9)SCC(CC)CCCC)=C7S6)C=C(C)S8)C%10=CC=C(S%10)SCC(CCCC)CC
D_135,CC1=CC=C(C2=CC(C(N=C(C(C3=CC=C(S3)CCCCCCCC)=N4)C5=CC=C(S5)CCCCCCCC)=C4C(C6=CC=C(C7=CC8=C(C9=CC=C(CC(CCCCCC)CCCC)S9)C(SC(C)=C%10)=C%10C(C%11=CC=C(CC(CCCCCC)CCCC)S%11)=C8S7)S6)=C%12)=C%12C%13=C2N=C(C%14=CC=C(S%14)CCCCCCCC)C(C%15=CC=C(S%15)CCCCCCCC)=N%13)S1
D_136,CC1=CC(C(C2=CC=C(S2)CC(CCCC)CC)=C3SC(C4=C(F)C(F)=C(C)S4)=CC3=C5C6=CC=C(S6)CC(CCCC)CC)=C5S1
D_137,CC1=CC=C(S1)C2=C(C(F)=C(C3=NSN=C23)C4=CC=C(S4)C5=C(CC(CCCCCC)CCCCCCCC)C=C(C6=C(CC(CCCCCCCC)CCCCCC)C=C(C(C7=NON=C78)=C(C(F)=C8C9=CC(CC(CCCCCC)CCCCCCCC)=C(C%10=CC(CC(CCCCCC)CCCCCCCC)=C(C)S%10)S9)F)S6)S5)F
D_138,[Cl]C(C([Cl])=C(C1=NN(N=C21)CC(CCCCCC)CCCCCCCC)C3=CC=C(C4=CC(C(C5=CC(Cl)=C(S5)CC)=C6SC(C)=CC6=C7C8=CC(Cl)=C(S8)CC)=C7S4)S3)=C2C9=CC=C(C)S9
D_139,FC1=C(C2=CC=C(C3=CC4=C(C5=CC=C(SCC(CCCC)CC)S5)C(SC(C)=C6)=C6C(C7=CC=C(SCC(CCCC)CC)S7)=C4S3)S2)C8=NN(CC(CCCCCC)CCCCCCCC)N=C8C(C9=CC=C(C%10=CC(C(C%11=CC=C(SCC(CCCC)CC)S%11)=C(S%12)C(C=C%12C)=C%13C%14SC(SCC(CCCC)CC)=CC%14)=C%13S%10)S9)=C1F
D_140,c1(c2c3c(c(c4c2cc(s4)c2ccc(s2)c2sc(c4c2C(=O)c2c(C4=O)c(sc2C[C@@H](CC)CCCC)C[C@H](CC)CCCC)c2cccs2)c2ccc(s2)SC[C@@H](CC)CCCC)ccs3)ccc(s1)SC[C@@H](CC)CCCC
D_141,s1cccc1c1sc(cc1C(=O)OC[C@H](CCCCCC)CCCC)c1cc(c(s1)c1sccc1)C(=O)OC[C@H](CCCCCC)CCCC
D_142,ClC1=C(C2=CC=C(S2)C(OC)=O)SC3=C(C)SC(C4=CC(C(S4)=C(C5=C6SC(C)=C5)C7=CC=C(S7)CC(CC)CCCC)=C6C8=CC=C(S8)CC(CCCCC)CC)=C13
D_143,CC(SC1=C(C2=C3SC(C4=CC5C(C=C(C6=C7C(C(N(CC(CCCCCCCC)CCCCCCCCCC)C7=O)=O)=C(C8=CC(SC(C(SC9=C(C%10=C%11SC(C%12=C%13C(C(F)=C(C(OCC(CC)CCCC)=O)S%13)=C(C)S%12)=C%10)C%14=CC=C(CC(CCCC)CC)S%14)=CC9=C%11C%15=CC=C(CC(CCCC)CC)S%15)=C%16)C%16S8)N6CCCCCCCC)S5)S4)=C2)C%17=CC=C(CC(CCCC)CC)S%17)=CC1=C3C%18=CC=C(CC(CCCC)CC)S%18
D_144,FC(C(F)=C(C(N=C1C2=CC=CC(OCCCCCCCC)=C2)=C3N=C1C4=CC=CC(OCCCCCCCC)=C4)C5=CC=C(S5)C)=C3C(S6)=CC=C6C7=CC(C(S7)=C(C8=C9SC(C)=C8)C%10=CC=C(S%10)SCCCCCCCC)=C9C%11=CC=C(S%11)SCCCCCCCC
D_145,CC1=CC=C(S1)C2=C3C=C(SC3=C(C4=C2SC(C5=CC=C(S5)C6=C(C(F)=C(C(N=C7C8=CC=CC(OCCCCCCCC)=C8)=C6N=C7C9=CC=CC(OCCCCCCCC)=C9)C%10=CC=C(C)S%10)F)=C4)C%11=CC=C(S%11)C)C
D_146,CC1=CC(C(C2=CC=C(SCC(CCCC)CCCCCC)S2)=C3SC(C4=C(CCCCCCCC)C=C(C5=C(C(F)=C(C6=NSN=C56)C7=CC(CCCCCCCC)=C(S7)C)F)S4)=CC3=C8C9=CC=C(SCC(CCCCCC)CCCC)S9)=C8S1
D_147,FC1=C(C2=C(F)C=C(C)S2)SC(C3=C(CC(CCCCCC)CCCCCCCC)C=C(S3)C4=CC(N(C5=O)CC(CCCCCCCC)CCCCCC)=C(C6=C5C=C(C=C6)C7=CC(CC(CCCCCC)CCCCCCCC)=C(C)C7)C=C4)=C1
D_148,FC(C(F)=C(C1=NSN=C21)C3=CC(CCCCCCCCCCCCCCCCCCCC)=C(S3)C)=C2C4=CC(C#CC#CC#CC#CC#CC#CC#CC#CC#CC#C)=C(S4)C(S5)=CC=C5C6=CC7=C(SC(C)=C7)C=C6.[HH].[HH].[HH].[HH].[HH].[HH].[HH].[HH].[HH].[HH]
D_149,CC(SC1=C(C2=C3SC(C4=CC5=C(C6=C(C(C7=CC(F)=C(S7)CC(CCCC)CC)=C5S4)C=C(C)S6)C8=CC(F)=C(S8)CC(CCCC)CC)=C2)C9=CC=C(S9)CC(CCCC)CC)=CC1=C3C%10=CC=C(S%10)CC(CC)CCCC
D_150,ClC(C=C1C(C2=C(C(C3=CC(Cl)=C(S3)CC(CC)CCCC)=C4S5)C=C(C)S2)=C4C=C5C6=C7C(SC(C(OCC)=O)=C7F)=CS6)=C(S1)CC(CCCC)CC
D_151,CC(S1)=CC=C1C(C2=NN3CC(CCCCCC)CCCC)=C(C(F)=C(C2=N3)C4=CC=C(S4)C5=CC6=C(C7=C(C(CCCCCCCC)(CCCCCCCC)O6)C=C(C)S7)S5)F
D_152,O=C1C(C=C2C3=CC4=C(S3)C(C5=CC=C(S5)CC(CCCC)CC)=C6C=C(C)SC6=C4C7=CC=C(S7)CC(CC)CCCC)=C(S2)C8=C(C=C(S8)C)N1CC(CCCCCCCC)CCCCCC
D_153,FC1=C(C2=CC=C(C3=CC4=C(C5=CC=C(S5)O)C(SC=C6)=C6C(C7=CC=C(O)S7)=C4O3)S2)C8=NN(CC(CCCCCCCC)CCCCCC)N=C8C(C9=CC=CS9)=C1F
D_154,CC1=C(CC(CCCC)CC)C=C(C2=CC=C(C3=NSN=C23)C4=CC(CC(CCCC)CC)=C(S4)C5=CC6=C(C7=C(C(C8=CC=C(S8)SC(CCCC)CC)=C6S5)C=C(C)S7)C9=CC=C(S9)SC(CCCC)CC)S1
D_155,CC1=CC(C(C2=CC=C(S2)SCCCCCCCCCCCC)=C3SC(C4=CC=C(C5=C(C(F)=C(C6=NN(CC(CCCCCCCC)CCCCCC)N=C56)C7=CC=C(C)O7)F)O4)=CC3=C8C9=CC=C(SCCCCCCCCCCCC)S9)=C8S1
D_156,FC1=C(C2=CC=C(C3=CC4=C(C(C(C=C5)=CC=C5CC(CCCC)CC)=C6C=C(OC6=C4C(C=C7)=CC=C7CC(CC)CCCC)C)O3)S2)C8=NN(CC(CCCCCCCC)CCCCCC)N=C8C(C9=CC=C(C)S9)=C1F
D_157,CC1=CC2=C(C3=C(C(C4=CC=C(S4)C)=C2S1)C=C(C5=C(CC6CCCCC6)C=C(C7=C(C(C8=C(SC(CC(CCCC)CC)=C8C9=O)CC(CCCC)CC)=O)C9=C(C%10=CC(CC%11CCCCC%11)=C(S%10)C)S7)S5)S3)C%12=CC=C(S%12)C
D_158,CC1=CC=C(S1)C2=CC=C(S2)C(SC(C3=CC4=C(S3)C(SC(C5=CC(CC(CCCCCCCCCCCC)CCCCCCCCCC)=C(C)S5)=C6)=C6C7=NON=C47)=C8)=C8CC(CCCCCCCCCCCC)CCCCCCCCCC
D_159,CC1=CC(C(S1)=C(C2=C3SC(C4=CC=C(C5=C6C(C(N5CC(CCCCCC)CCCC)=O)=C(C7=CC=C(C)S7)N(CC(CCCC)CCCCCC)C6=O)S4)=C2)C8=CC=C(S8)CC(CCCC)CC)=C3C9=CC=C(CC(CC)CCCC)S9
D_160,FC(C(F)=C(C1=NC(C2=CC=C(C(OCCCCCCCC)=C2)OCCCCCCCC)=C(N=C31)C(C=C4)=CC(OCCCCCCCC)=C4OCCCCCCCC)C)=C3C(S5)=CC=C5C6=CC=C(C7=CC=C(C)S7)S6
D_161,CC1=C(C2=C(S1)C=C(C3=C(C4=C(S3)C5=CC6=C(C(CCCCCCCC)=C(S6)C7=CC8=C(C9=CC=C(SCC(CC)CCCC)S9)C=C%10C%11=C(C=C(S%11)C)C(C%12=CC=C(SCC(CC)CCCC)S%12)=CC%10=C8S7)S5)C(C%13=C(CC(CCCC)CC)SC(CC(CC)CCCC)=C%13C4=O)=O)S2)CCCCCCCC
D_162,c1(c2c3c(c(c4c2cc(s4)c2c(cc(s2)c2c(c(c(c4c2nsn4)c2cc(cs2)C[C@@H](CCCCCCCCCC)CCCCCCCC)F)F)C[C@H](CCCCCCCC)CCCCCCCCCC)c2ccc(s2)[Si](CCC)(CCC)CCC)ccs3)ccc(s1)[Si](CCC)(CCC)CCC
D_163,c1(c2c(c(c3c1sc(c3)c1ccc(s1)c1sc(c3c1C(=O)c1c(C3=O)c(sc1C[C@@H](CC)CCCC)C[C@H](CC)CCCC)c1cccs1)OC[C@@H](CCCCCCCC)CCCCCC)scc2)c1ccc(cc1)c1ccc(cc1)OC[C@@H](CC)CCCC
D_164,FC(C(F)=C(C1=N2)C3=CC=C(S3)C4=CC5=C(C6=C(C(C(C=C7)=CC=C7C(C=C8)=CC=C8[O]CC(CCCCCC)CCCCCCCC)=C5S4)C=C(C)S6)C9=CC=C(C=C9)C%10=CC=C(C=C%10)[O]CC(CCCCCC)CCCCCCCC)=C(C%11=CC=C(C)S%11)C1=NN2CCC(CCCCCC)CCCCCCCC
D_165,O=C(C1=C(F)C2=C(C)SC(C3=CC4=C(C5=C(C(C6=CC=C(CCCCCCCC)S6)=C4S3)C=C(C)S5)C7=CC=C(CCCCCCCC)S7)=C2S1)[O]CCCCCCCC
D_166,CC1=CC=C(S1)C2=C(C(F)=C(C3=NSN=C23)C4=CC=C(S4)C5=C(CC(CCCCCC)CCCCCCCC)C=C(C6=C(CC(CCCCCCCC)CCCCCC)C=C(C(C7=NSN=C78)=C(C(F)=C8C9=CC(CC(CCCCCC)CCCCCCCC)=C(C%10=CC(CC(CCCCCC)CCCCCCCC)=C(C)S%10)S9)F)S6)S5)F
D_167,O=C(C1=C(F)C2=C(C)SC(C3=CC4=C(C5=C(C(C6=CC(F)=C(CCCCCCCC)S6)=C4S3)C=C(C)S5)C7=CC(F)=C(CCCCCCCC)S7)=C2S1)[O]CCCCCCCC
D_168,FC1=CC(C2=CCC(C)S2)=C3C(N=C(C(C4=CC=CC(OCCCCCCCC)=C4)=N3)C5=CC=CC(OCCCCCCCC)=C5)=C1C6=CC=C(S6)C7=CC8=C(C9=C(C(C%10=CC(CCCCCCCC)=C(S%10)CCCCCCCC)=C8S7)C=C(C)S9)C%11=CC(CCCCCCCC)=C(S%11)CCCCCCCC
D_169,O=C1C2=C(C3=C(N1CC(CCCCCC)CCCCCCCC)C=C(C4=CC(CC(CCCCCC)CCCCCCCC)=C(S4)C5=CC=C(S5)C6=C(C(F)=C(C7=NSN=C67)C8=CC=C(C)S8)F)S3)SC(C9=CC(CC(CCCCCCCC)CCCCCC)=C(C)S9)=C2
D_170,FC(C(OCC(CCCCCCCCCCCC)CCCCCCCCCC)=C(C1=CC=C(C)S1)C2=NSN=C32)=C3C4=CC=C(S4)C5=CC6=C(C7=C(C(C8=CC=C(C=C8)SCC(CCCC)CC)=C6S5)C=C(C)S7)C9=CC=C(C=C9)SCC(CCCC)CC
D_171,CC1=CC=C(S1)C2=CC(OCC(CCCCCC)CCCCCCCC)=C(C=C2COC(CCCCCCCC)CCCCCC)C3=CC=C(S3)C4=C(C(F)=C(C5=NSN=C45)C)F
D_172,[H]C1=C(SC(CC(CC)CCCC)=C1[Cl])C(C2=C3SC(C)=C2)=C4SC(C5=CC=C(S5)C6=C(C(F)=C(C7=NN(N=C67)CC(CCCCCCCC)CCCCCC)C8=CC=C(C)S8)F)=CC4=C3C9=C([H])C([H])=C(CC(CCCC)CC)S9
D_173,CC(SC(C1=CC2=C(S1)C(C3=CC=C(S3)CC(CC)CCCC)=C4C=C(C)SC4=C2C5=CC=C(S5)CC(CCCC)CC)=C67)=C7SC(C(OCC(CC)CCCC)=O)=C6[Cl]
D_174,FC(C(F)=C(C1=NN(N=C21)CC(CCCCCCCC)CCCCCC)C3=CC=C(S3)C4=CC5=C(C6=C(C(C7=CC=C(S7)C#C[Si](C(C)C)(C(C)C)C(C)C)=C5S4)C=C(C)S6)C8=CC=C(S8)C#C[Si](C(C)C)(C(C)C)C(C)C)=C2C9=CC=C(C)S9
D_175,O=C(C1=C(F)C2=C(C)SC(C3=CC4=C(C5=C(C(C6=CC=C(CCCCCCCC)[Se]6)=C4S3)C=C(C)S5)C7=CC=C(CCCCCCCC)[Se]7)=C2S1)[O]CCCCCCCC
D_176,ClC(C=C1C(C2=C3SC(C4=CC=C(S4)C(C5=NN(N=C65)CC(CCCCCC)CCCCCCCC)=C(OC)C(OC)=C6C7=CC=C(C)S7)=C2)=C8SC(C)=CC8=C3C9=CC(Cl)=C(S9)CC)=C(S1)CC
D_177,CC1=CC=C(S1)C2=C(C(F)=C(C3=NON=C23)C4=CC=C(S4)C5=C(CC(CCCCCC)CCCCCCCC)C=C(C6=C(CC(CCCCCCCC)CCCCCC)C=C(C(C7=NON=C78)=C(C(F)=C8C9=CC(CC(CCCCCC)CCCCCCCC)=C(C%10=CC(CC(CCCCCC)CCCCCCCC)=C(C)S%10)S9)F)S6)S5)F
D_178,CC(S1)=CC=C1C(C2=C(C(C3=CC=C(S3)C)=C4S5)C=C(C)S2)=C4C=C5C(S6)=CC=C6C(C7=NN(N=C87)C)=CC=C8C9=CC=C(C)S9
D_179,ClC1=C(C2=C(Cl)C=C(S2)C(OC)=O)SC3=C(C)SC(C4=CC(C(S4)=C(C5=C6SC(C)=C5)C7=CC=C(S7)CC(CC)CCCC)=C6C8=CC=C(S8)CC(CCCCC)CC)=C13
D_180,FC1=C(C2=CC(CC(CCCCCCCCCC)CCCCCCCCCCCC)=C(C3=CC(F)=C(C4=C(F)C=C(C)S4)S3)S2)C5=NN(CCCC)N=C5C(C6=CC(CC(CCCCCCCCCC)CCCCCCCCCCCC)=C(S6)C)=C1F
D_181,FC(C(F)=C(C1=NC(C2=CC(F)=C(S2)CC(CCCC)CC)=C(N=C31)C4=CC(F)=C(S4)CC(CCCC)CC)C5=CC=C(S5)C6=CC7=C(C8=C(C(C9=CC=C(S9)CC(CCCC)CCCC)=C7S6)C=C(S8)[*])C%10=CC=C(S%10)CC(CCCC)CCCC)=C3C%11=CC=CS%11
D_182,O=C(OCC)/C(C#N)=C/C1=CC(CCCCCCCC)=C(S1)C2=CC(CCCCCCCC)=C(S2)C3=CC(CCCCCCCC)=C(S3)C4=CC=C(C5=C(CCCCCCCC)C=C(C6=C(CCCCCCCC)C=C(C7=C(CCCCCCCC)C=C(/C=C(C(OCC)=O)\C#N)S7)S6)S5)S4
D_183,CC1=CC2=C(C3=C([Si]2(CCCCCCCC)CCCCCCCC)C=C(C4=C(C=C(C5=NN(N=C45)CCCCCC)C6=CC7=C(C8=C([Si]7(CCCCCCCC)CCCCCCCC)C=C(C9=CC(F)=C(C%10=NN(N=C9%10)CCCCCC)C)S8)S6)F)S3)S1
D_184,CC1=CC(C)=C(C2=NC3=C(S2)N=C(C4=C(CCCCCCCC)C=C(C5=CC6=C(C7=C([Si]6(CCCCCCCC)CCCCCCCC)C=C(C)S7)S5)S4)S3)S1
D_185,CC1=CC(C(C2=CC=C(S2)CCCCCCCCCCCC)=C3SC(C4=C(C(N(C5=O)CCCCCCCC)=O)C5=C(C)S4)=CC3=C6C7=CC=C(S7)CCCCCCCCCCCC)=C6S1
D_186,CC1=CC(C(C2=CC=C(CC(CCCCCC)CCCC)S2)=C3SC(C4=C(CCCCCCCC)C=C(C5=C(C(F)=C(C6=NSN=C56)C7=CC(CCCCCCCC)=C(S7)C)F)S4)=CC3=C8C9=CC=C(CC(CCCC)CCCCCC)S9)=C8S1
D_187,c1sc(cc1C[C@H](CCCCCCCC)CCCCCCCCCC)c1c(c(c(c2c1nsn2)c1sc(c(c1)C[C@@H](CCCCCCCC)CCCCCCCCCC)c1ccc(s1)c1sccc1)F)F
D_188,FC1=C(C2=CC=C(C)S2)C3=NN(CCOC)N=C3C(C4=CC=C(C5=CC6=C(C7=C(C(CCC(CCCCCC)CCCC)=C6S5)C=C(C)S7)CCC(CCCC)CCCCCC)S4)=C1F
D_189,FC(C(F)=C(C1=NSN=C21)C3=CC(CCCCCCCCCCCCCCCCCCCC)=C(S3)C)=C2C4=CC(C#CC#CC#CC#CC#CC#CC#CC#CC#CC#C)=C(S4)C(S5)=CC=C5C6=CC=C7C=C(C)SC7=C6.[HH].[HH].[HH].[HH].[HH].[HH].[HH].[HH].[HH].[HH]
D_190,O=C(OC1=CC=C(CCCCCC)C=C1)C2=C(C)SC(C(S3)=CC(C(OC4=CC=C(CCCCCC)C=C4)=O)=C3C(S5)=CC=C5C(C6=NSN=C6C(C(S7)=CC=C7C)=C8F)=C8F)=C2
D_191,c1scc(c1)CCCCCC
D_192,FC(C(F)=C(C1=NN(N=C21)CC(CCCCCCC)CCCC)C3=CC=C(S3)C)=C2C(S4)=CC=C4C5=CC6=C(C(C=CC7=C8)=CC7=CC=C8OCC(CCCCCC)CCCCCCCC)C9=C(C=C(C)S9)C(C%10=CC%11=CC=C(OCC(CCCCCCCC)CCCCCC)C=C%11C=C%10)=C6S5
D_193,CC1=C(CC(CCCC)CC)C=C(C2=CC=C(C3=NSN=C23)C4=CC(CC(CCCC)CC)=C(S4)C5=CC6=C(C7=C(C(C8=CC=C(S8)CC(CCCC)CC)=C6S5)C=C(C)S7)C9=CC=C(S9)CC(CCCC)CC)S1
D_194,FC(C=C1C2=CC=C(C)S2)=C(C=C1F)C3=CC=C(S3)C4=C(CC(CCCC)CC)C=C(C5=C(C(C6=C(SC(CC(CCCC)CC)=C6C7=O)CC(CCCC)CC)=O)C7=C(C8=CC(CC(CCCC)CC)=C(S8)C)S5)S4
D_195,c1ccc(s1)c1c2c(c(c3c1nn(n3)C[C@@H](CCCCCCCC)CCCCCC)c1sc(cc1)c1sc3c(c1)c(c1c(c3c3cc(c(s3)C[C@@H](CCCC)CC)F)ccs1)c1cc(c(s1)C[C@H](CC)CCCC)F)cc(s2)F
D_196,FC(C=C1C(S2)=C(CC(CCCCCC)CCCC)C=C2C3=CC(CC(CCCC)CCCCCC)=C(C)S3)=C(S1)C4=C(F)C=C(C5=C(CC(CCCCCC)CCCCCCCC)C=C(C6=CC(CC(CCCCCCCC)CCCCCC)=C(S6)C7=CC(F)=C(S7)C8=C(F)C=C(C)S8)S5)S4
D_197,CC(S1)=CC=C1C(C2=NN(CC(CCCCCCCC)CCCCCC)N=C32)=C(F)C(F)=C3C(S4)=CC=C4C5=CC(S6)=C(S5)C(C6=C7C8=CC=C(SCC(CCCC)CCCCCC)S8)=C(C9=CC=C(SCC(CCCC)CCCCCC)S9)C%10=C7C%11=C(S%10)C=C(C)S%11
D_198,CC1=CC(C(C2=CC=C(S2)CC(CCCCCCCC)CCCCCCCCCC)=C3S4)=C(S1)C(C5=CC=C(S5)CC(CCCCCCCC)CCCCCCCCCC)=C3C=C4C6=CC([F])=C(S6)/C=C/C7=C(F)C=C(C)S7
D_199,CC(S1)=CC=C1C(C2=NN(CC(CC)CCCC)N=C32)=C(F)C(F)=C3C4=CC=C(S4)C5=CC6=C(C7=C(C(C8=CC=C(S8)CC(CCCCCCCCCC)CCCCCCCC)=C6S5)C=C(C)S7)C9=CC=C(S9)CC(CCCCCCCC)CCCCCCCCCC
D_200,CC1=C(C(N(C2=O)CC(CCCCCCCC)CCCCCCCCCC)=O)C(C2=CC(C(S3)=CC=C3C4=CC=C(C)S4)=C5C(N(C6=O)CC(CCCCCCCCCC)CCCCCCCC)=O)=C5C6=C1
D_201,s1c2c(cc1)sc1c2c(c2c(c1c1ccc(s1)CCCCCCCC)c1c(s2)cc(s1)c1sc(cc1)c1sc(c2c1C(=O)c1c(C2=O)c(sc1C[C@@H](CCCC)CC)C[C@H](CCCC)CC)c1sccc1)c1ccc(s1)CCCCCCCC
D_202,c1(c2c3c(c(c4c2cc(s4)c2cc(c(s2)c2sc(c4c2C(=O)N(C4=O)C[C@H](CCCCCCCC)CCCCCC)c2c(ccs2)CCCCCCCCCCCC)CCCCCCCCCCCC)c2ccc(s2)[Si](CCC)(CCC)CCC)ccs3)ccc(s1)[Si](CCC)(CCC)CCC
D_203,CC1=CC(C(C2=CC(CCCCCC)=C(S2)CCCCCC)=C3SC(C4=CC=C(S4)C5=C(C(F)=C(C6=NN(N=C56)CC(CCCC)CCCCCC)C7=CC=C(S7)C)F)=CC3=C8C9=CC(CCCCCC)=C(S9)CCCCCC)=C8S1
D_204,FC(C=C1C(S2)=C(CC(CCCCCC)CCCC)C=C2C3=CC(CC(CCCC)CCCCCC)=C(C)S3)=C(S1)C4=C(F)C=C(C)S4
D_205,c1ccc(s1)c1c2c(c(c3c1nn(n3)C[C@@H](CCCCCCCC)CCCCCC)c1sc(cc1)c1sc3c(c1)c(c1c(c3c3ccc(s3)C[C@H](CCCC)CC)ccs1)c1ccc(s1)C[C@@H](CC)CCCC)cc(s2)F
D_206,O=C1C2=C(C3=C(N1CC(CCCCCCCCCC)CCCCCCCC)C=C(C)S3)C=C(C(N4CC(CCCCCCCCCC)CCCCCCCC)=O)C(C5=C4C=C(C(SC(C6=C(C(F)=C(C7=NSN=C67)C8=CC(CCCCCC)=C(C8)C)F)=C9)=C9CCCCCC)S5)=C2
D_207,O=C(C1=C(F)C2=C(C)SC(C3=CC4=C(C5=C(C(C6=CC=C(SCCCCCCCC)S6)=C4S3)C=C(C)S5)C7=CC=C(SCCCCCCCC)S7)=C2S1)[O]CCCCCCCC
D_208,CC1=CC2=C(C3=CC=C(CC(CC)CCCC)S3)C4=C(C=C(S4)C5=CC=C(S5)C)C(C6=CC=C(CC(CCCC)CC)S6)=C2S1C(CCCCCCCC)=O
D_209,CC1=CC=C(S1)C2=CC=C(C)C3=C2N=CC(OCC(CCCCCC)CCCCCCCC)=N3
D_210,CC1=C2C(C(C3=C(SC(CC)=C3C2=O)CC)=O)=C(S1)C(SC4=C(C5=C6SC(C)=C5)C7=CC=C(S7)CC)=CC4=C6C8=CC=C(CC)S8
D_211,CC1=CC(C(C2=CC=C(S2)CC(CCCCCCCC)CCCCCCCCCC)=C3S4)=C(S1)C(C5=CC=C(S5)CC(CCCCCCCC)CCCCCCCCCC)=C3C=C4C6=CC([H])=C(S6)/C=C/C7=C([H])C=C(C)S7
D_212,CC1=CC(C(OCC(CCCC)CC)=C2SC(C3=C(F)C(F)=C(C)S3)=CC2=C4OCC(CCCC)CC)=C4S1
D_213,FC(C(F)=C1C2=CC(C)=CS2)=C(C=C1)C3=CC=C(S3)C4=C(CC(CCCC)CC)C=C(C5=C(C(C6=C(SC(CC(CCCC)CC)=C6C7=O)CC(CCCC)CC)=O)C7=C(C8=CC(CC(CCCC)CC)=C(S8)C)S5)S4
D_214,FC(C(F)=C(C1=N2)C3=CC=C(S3)C4=CC=C(S4)/C(C#N)=C/C5=CC(OCC(CCCCCCCC)CCCCCC)=C(C=C5OCC(CCCCCCCC)CCCCCC)/C=C(C6=CC=C(S6)C)\C#N)=C(C7=CC=C(C)S7)C1=NN2CC(CCCCCCCCCC)CCCCCCCCCCCC
D_215,CC1=C(OCC(CCCCCC)CCCC)C(OCC(CCCC)CCCCCC)=C(C2=CC=C(S2)C3=CC=C(S3)C)C4=NSN=C14
D_216,CC1=CC=C(S1)C2=C3SC(C(OCC(CCCCCCCCCC)CCCCCCCC)=O)=CC3=C(C4=CC=C(S4)C5=CC6=C(C7=C(C(C8=CC=C(S8)SC(CCCC)CC)=C6S5)C=C(C)S7)C9=CC=C(S9)SC(CCCC)CC)S2
D_217,CC(SC1=C(C2=C3SC(C)=C2)C4=CC=C(S4)CC(CCCC)CC)=CC1=C3C5=CC=C(S5)CC(CC)CCCC
D_218,CC(S1)=C(CCCCCCCC)C=C1C2=CC(/C=C3S/C(N(C/3=O)CC)=C(C#N)\C#N)=C(S2)C4=CC(CCCCCCCC)=C(S4)C(SC5=C(C6=C7SC(C)=C6)C8=CC=C(S8)CCCCCCCC)=CC5=C7C9=CC=C(CCCCCCCC)S9
D_219,CC(S1)=C(CCCCC(CC)CCCCCC)C=C1C2=NC(S3)=C(S2)N=C3C4=CC(CCCCC(CCCCCC)CC)=C(S4)C5=CC(C(S5)=C(C6=C7SC(C)=C6)C8=CC(Cl)=C(S8)CC(CCCC)CC)=C7C9=CC(Cl)=C(CC(CC)CCCC)S9
D_220,FC(C(F)=C(C1=NC(C2=CC=C(C(OCCCCCCCC)=C2)OCCCCCCCC)=C(N=C31)C(C=C4)=CC(OCCCCCCCC)=C4OCCCCCCCC)C)=C3C(S5)=CC(F)=C5C6=C(F)C=C(C)S6
D_221,FC(C(F)=C(C1=NC(C2=CC=C(C(OCCCCCCCC)=C2)OCCCCCCCC)=C(N=C31)C(C=C4)=CC(OCCCCCCCC)=C4OCCCCCCCC)C)=C3C(S5)=CC=C5C6=CC=C(C)S6
D_222,CCCCCCCCC(CCCCCC)CC(S1)=CC=C1C2=C(C=CS3)C3=C(C4=CC=C(CC(CCCCCCCC)CCCCCC)S4)C5=C2SC(C6=CC=C(C7=CC=C(C8=CC=CS8)C9=NN(CCCCCCCC)N=C79)S6)C5
D_223,CC1=C(CCCCCCCC)C=C(C2=C(C(C3=C(CC(CCCC)CC)SC(CC(C)CCCC)=C34)=O)C(C4=O)=C(C5=CC(CCCCCCCC)=C(S5)C6=CC7=C(S6)C8=C(C=C7C9=CC=C(SCC(CC)CCCC)C=C9)C%10=C(C=C(C)S%10)C(C%11=CC=C(SCC(CCCC)C)C=C%11)=C8)S2)S1
D_224,CC1=CC(C(OCC(CCCC)CC)=C2SC(C3=C(C(N(C4=O)CCCCCCCC)=O)C4=C(C)S3)=CC2=C5OC(CCCC)CC)=C5S1
D_225,[Cl]C1=C(SC(CC(CC)CCCC)=C1[Cl])C(C2=C3SC(C)=C2)=C4SC(C5=CC=C(S5)C6=C(C(F)=C(C7=NN(N=C67)CC(CCCCCCCC)CCCCCC)C8=CC=C(C)S8)F)=CC4=C3C9=C([H])C([H])=C(CC(CCCC)CC)S9
D_226,FC(C(F)=C(C1=C2C=C(C3=CC=CC(OCCCCCCCC)=C3)C(C4=CC(OCCCCCCCC)=CC=C4)=C1)C5=CC=C(S5)C6=CC7=C(C8=C(C(C9=CC=C(S9)C#C[Si](C(C)C)(C(C)C)C(C)C)=C7S6)C=C(C)S8)C%10=CC=C(S%10)C#C[Si](C(C)C)(C(C)C)C(C)C)=C2C%11=CC=C(C)S%11
D_227,CC(S1)=CC=C1C2=C3C(C(C4=C(SC(CC(CCCC)CC)=C4C3=O)CC(CCCC)CC)=O)=C(S2)C5=CC=C(C6=CC7=C(C(C8=CC=C(CC(CCCC)CC)S8)=C(C=C(C)S9)C9=C7C%10=CC=C(CC(CCCC)CC)S%10)S6)S5
D_228,[H]C(C([H])=C(C1=NN(N=C21)CCC(CCCC)CCCCCC)C3=CC=C(S3)C)=C2C(S4)=CC=C4C5=CC(C(CCCC(CCCCCC)CCCC)=C6SC(C)=CC6=C7CCCC(CCCC)CCCCCC)=C7S5
D_229,CC1=CC=C(C(N(CC(CCCCCC)CCCCCCCC)C2=O)=C(C(N3CC(CCCCCCCC)CCCCCC)=O)C2=C3C4=CC=C(C5=CC(CCCCCC)=C(C6=CC=C(S6)C7=C(C=C(S7)C)CCCCCC)S5)S4)S1
D_230,CCCCCCC1=CC=C(C2=C3C(CC(C)=C3)=C(C4=C2SC(C5=CC=C(S5CCCCCCCC)C)=C4)C6=CC=C(CC(CC)CCCC)S6)S1
D_231,FC(C(F)=C(C1=NC(C2=CC=C(C(OCCCCCCCC)=C2)OCCCCCCCC)=C(N=C31)C(C=C4)=CC(OCCCCCCCC)=C4OCCCCCCCC)C)=C3C5=CC=C(C6=CC=C(C7=CC=C(C)S7)C=C6)S5
D_232,CC1=CC=C(C(N(CC(CCCCCCCCCC)CCCCCCCCCCCC)C2=O)=C(C(N3CC(CCCCCCCCCCCC)CCCCCCCCCC)=O)C2=C3C4=CC=C(C5=CC=C(C6=CC=C(S6)C)S5)S4)S1
D_233,CC(S1)=CC=C1C(N(C2=O)CC(CCCCCCCCCCCC)CCCCCCCCCC)=C3C2=C(C4=CC=C(S4)C5=CC(CCCCCC)=C(S5)C6=CC=C(C7=CC=C(C8=C(CCCCCC)C=CS8)S7)S6)N(C3=O)CC(CCCCCCCCCC)CCCCCCCCCCCC
D_234,CC1=CC=C(S1)C2=C3SC(C(OCC(CCCCCCCCCC)CCCCCCCC)=O)=CC3=C(C4=CC=C(S4)C5=CC6=C(C7=C(C(C8=CC=C(S8)CC(CCCC)CC)=C6S5)C=C(C)S7)C9=CC=C(S9)CC(CCCC)CC)S2
D_235,CC(SC(C1=C(F)C(F)=C(C2=CC(C(OC3=CC=C(CCCCCC)C=C3)=O)=C(C4=CC=C(C5=CC=C(C)S5)S4)S2)C6=NSN=C16)=C7)=C7C(OC8=CC=C(CCCCCC)C=C8)=O
D_236,CC(S1)=CC=C1C2C3=NN(CC(CCCC)CCCCCC)N=C3C(C4=CC=C(S4)C5=CC6=C(C7=C(C(CCC(CCCC)CCCCCC)=C6S5)C=C(C)S7)CCC(CCCC)CCCCCC)=C(C2OCCOC)OCCOC
D_237,OC1=C(C(C2=C(SC(C3=CC=C(C)S3)=C2C4=O)C5=CC=C(S5)C6=CC7=C(C8=C(C(C9=CC=C(C([H])=C9SC%10=CC=C(C=C%10)CCCCCC)[H])=C7S6)C=C(C)S8)C%11=CC=C(C([H])=C%11SC%12=CC=C(C=C%12)CCCCCC)[H])=O)C4=C(O)S1
D_238,FC(C(F)=C(C(F)=C1F)C2=CC=C(S2)C3=C(C(F)=C(C4=NC(C5=CC=C(C(OCCCCCCCC)=C5)OCCCCCCCC)=C(N=C34)C6=CC=C(C(OCCCCCCCC)=C6)OCCCCCCCC)C)F)=C1C7=CC=C(C)S7
D_239,FC1=C(C)C2=NSN=C2C(C3=CC(CC(CCCCCCCCCC)CCCCCCCCCCCC)=C(C)S3)=C1
D_240,O=C1C2=C(C3=C(N1CC(CCCCCCCCCC)CCCCCCCC)C=C(C)S3)C=C(C(N4CC(CCCCCCCCCC)CCCCCCCC)=O)C(C5=C4C=C(C6=CC=C(C7=C(C8=C(C9=CC=C(S9)C)S7)C(C%10=C(SC(CC(CC)CCCC)=C%10C8=O)CC(CCCC)CC)=O)S6)S5)=C2
D_241,CC1=C(OCC(CCCCCC)CCCC)C(OCC(CCCC)CCCCCC)=C(C2=CC(F)=C(S2)C3=C(F)C=C(S3)C)C4=NSN=C14
D_242,CC(S1)=C(CCCCCC)C=C1C2=NC(S3)=C(S2)N=C3C4=CC(CCCCCC)=C(S4)C5=CC(C(S5)=C(C6=C7SC(C)=C6)C8=CC=C(S8)SCC(CCCCCC)CCCC)=C7C9=CC=C(S9)SCC(CCCC)CCCCCC
D_243,CC(S1)=C(CCCCCCC)C=C1C2=NC(S3)=C(S2)N=C3C4=CC(CCCCCCC)=C(S4)C5=CC(C(S5)=C(C6=C7SC(C)=C6)C8=CC(Cl)=C(S8)CC(CCCC)CC)=C7C9=CC(Cl)=C(CC(CC)CCCC)S9
D_244,CCC1=CC=C(C2=C(C3)C(C=C3C)=C(C(S4)=C2C=C4C5=C6C(C(C7=C(SC(CCCCCCCC)=C7C6=O)CCCCCCCC)=O)=C(C)S5)C(S8)=CC=C8CC)S1
D_245,CC1=CC=C(C2=CC=C(S2)C(N(CC(CCCCCCCC)CCCCCC)C3=O)=C4C(N(C(C5=CC=C(C)S5)=C43)CC(CCCCCC)CCCCCCCC)=O)S1
D_246,CC(C1=NSN=C21)=C(OCC(CCCCCC)CCCC)C(OCC(CCCC)CCCCCC)=C2C3=CC4=C(S3)C=C(C)S4
D_247,FC(C(F)=C(C1=N2)C3=CC=C(S3)C4=CC5=C(C6=C(C(C7=CC(Cl)=C(S7)CC(CCCC)CC)=C5S4)C=C(C)S6)C8=CC(Cl)=C(S8)CC(CCCC)CC)=C(C9=CC=C(C)S9)C1=NN2CCC(CC)CCCC
D_248,COCCOC(C1=C(C(OCCOC)=C2S3)C=C(C)S1)=C2C=C3C(S4)=CC=C4C(C5=NN(N=C5C6C7=CC=C(S7)C)CC(CCCC)CCCCCC)=C(C6OCCOC)OCCOC
D_249,CC1=C(F)C(F)=C(S1)C2=CC=C(C)C3=C2N=CC(OCC(CCCCCC)CCCCCCCC)=N3
